Account Name,Account Type,Account Number,Parent Account
OPERATING ACCOUNT,Bank,0-11000,CASH
CAPITAL ACCOUNT,Bank,0-11005,CASH
MANAGER'S ACCOUNT,Bank,0-11010,CASH
PETTY CASH,Bank,0-11015,CASH
CASH DRAWER - TILL,Bank,0-11020,CASH
CASH DRAWER - F&B TILL,Bank,0-11021,CASH
MONEY MARKET,Bank,0-11500,CASH
DEPOSITS IN TRANSIT,Bank,0-11900,CASH
A/R - MEMBERS & CONTRACTS,Other Current Asset,0-12000,ACCOUNTS RECEIVABLE
A/R - EMPLOYEE,Other Current Asset,0-12005,ACCOUNTS RECEIVABLE
ALLOWANCE FOR DOUBTFUL ACCOUNTS,Other Current Asset,0-12900,ACCOUNTS RECEIVABLE
DUE TO / FROM MEADOW LAKE LLC,Other Current Asset,0-14500,DUE TO/FROM AFFILIATES
DUE TO / FROM PINECREST,Other Current Asset,0-14505,DUE TO/FROM AFFILIATES
DUE TO / FROM ISLAND WEST,Other Current Asset,0-14510,DUE TO/FROM AFFILIATES
INVENTORY - CHEMICALS,Other Current Asset,0-15000,INVENTORY
INVENTORY - FERTILIZER,Other Current Asset,0-15005,INVENTORY
INVENTORY - SEED,Other Current Asset,0-15010,INVENTORY
INVENTORY - GRILL ROOM,Other Current Asset,0-15015,INVENTORY
INVENTORY - LIQUOR,Other Current Asset,0-15016,INVENTORY
INVENTORY - PRO SHOP,Other Current Asset,0-15020,INVENTORY
PREPAID EXPENSE,Other Current Asset,0-14000,PREPAID EXPENSES
LAND,Fixed Asset,0-17000,PROPERTY & EQUIPMENT
BUILDING,Fixed Asset,0-17005,PROPERTY & EQUIPMENT
EQUIPMENT,Fixed Asset,0-17010,PROPERTY & EQUIPMENT
FURNITURE & FIXTURES,Fixed Asset,0-17015,PROPERTY & EQUIPMENT
COMPUTERS & OFFICE EQUIPMENT,Fixed Asset,0-17020,PROPERTY & EQUIPMENT
ACCUMULATED DEPRECIATION,Fixed Asset,0-17500,PROPERTY & EQUIPMENT
OTHER IMPROVEMENTS,Fixed Asset,0-17050,PROPERTY & EQUIPMENT
GOLF SHOP-CAPITAL IMPRVMNT,Fixed Asset,1-17050,PROPERTY & EQUIPMENT
RANGE-CAPITAL IMPRVMNT,Fixed Asset,1-17055,PROPERTY & EQUIPMENT
FOOD & BEV-CAPITAL IMPRVMNT,Fixed Asset,3-17050,PROPERTY & EQUIPMENT
MAINTENANCE LAND-CAP IMPRVMNT,Fixed Asset,4-17050,PROPERTY & EQUIPMENT
IRRIGATION - CAP IMPROVEMENT,Fixed Asset,4-17055,PROPERTY & EQUIPMENT
ADMIN-CAPITAL IMPRVMNT,Fixed Asset,9-17050,PROPERTY & EQUIPMENT
ACQUISITION CLOSING COSTS,Other Asset,0-18000,INTANGIBLE ASSETS
FRANCHISE FEES,Other Asset,0-18005,INTANGIBLE ASSETS
LIQUOR LICENSE,Other Asset,0-18010,INTANGIBLE ASSETS
LOAN FEES,Other Asset,0-18020,INTANGIBLE ASSETS
GOODWILL,Other Asset,0-18030,INTANGIBLE ASSETS
REDESIGN/SUBDIVISION,Other Asset,0-18040,INTANGIBLE ASSETS
NON COMPETE PROVISION,Other Asset,0-18050,INTANGIBLE ASSETS
WEBSITE,Other Asset,0-18060,INTANGIBLE ASSETS
REFINANCING COSTS,Other Asset,0-18070,INTANGIBLE ASSETS
ACCUMULATED AMORTIZATION,Other Asset,0-18500,INTANGIBLE ASSETS
NOTES RECEIVABLE,Other Asset,0-19000,OTHER ASSETS
ACCOUNTS PAYABLE,Accounts Payable,0-20000,ACCOUNTS PAYABLE
ACCRUED EXPENSES,Other Current Liability,0-21000,ACCRUED EXPENSES
ACCRUED INSURANCE,Other Current Liability,0-21005,ACCRUED EXPENSES
ACCRUED INTEREST,Other Current Liability,0-21010,ACCRUED EXPENSES
ACCRUED PAYROLL,Other Current Liability,0-21015,ACCRUED EXPENSES
ACCRUED RE & PPT,Other Current Liability,0-21020,ACCRUED EXPENSES
ACCRUED INCOME TAX,Other Current Liability,0-21500,ACCRUED EXPENSES
CURRENT PORTION - LTD,Other Current Liability,0-24500,CURRENT PORTION OF LTD
DEFERRED INCOME - MONTHLY DUES,Other Current Liability,0-24000,DEFERRED REVENUE
DEFERRED INCOME - ANNUAL PASSES,Other Current Liability,0-24005,DEFERRED REVENUE
DEFERRED REVENUE - LEAGUES,Other Current Liability,0-24010,DEFERRED REVENUE
DEFERRED INCOME - PLAYERS CARDS,Other Current Liability,0-24015,DEFERRED REVENUE
DEFERRED INCOME - RANGE,Other Current Liability,0-24020,DEFERRED REVENUE
DEFERRED INCOME - CART,Other Current Liability,0-24025,DEFERRED REVENUE
DEPOSITS,Other Current Liability,0-20100,OTHER CURRENT LIABILITIES
GIFT CERTIFICATES PAYABLE,Other Current Liability,0-20200,OTHER CURRENT LIABILITIES
COMMISSIONS PAYABLE,Other Current Liability,0-20500,OTHER CURRENT LIABILITIES
CREDIT BOOK LIABILITY,Other Current Liability,0-20550,OTHER CURRENT LIABILITIES
RAIN CHECKS,Other Current Liability,0-20600,OTHER CURRENT LIABILITIES
DUE TO / FROM GLKC LLC,Other Current Liability,0-20700,OTHER CURRENT LIABILITIES
TIPS PAYABLE,Other Current Liability,0-20800,OTHER CURRENT LIABILITIES
SALES TAX PAYABLE,Other Current Liability,0-23001,SALES TAX PAYABLE
PERMANENT MORTGAGE A,Long Term Liability,0-25000,OTHER LIABILITIES
PERMANENT MORTGAGES B,Long Term Liability,0-25100,OTHER LIABILITIES
CAP LEASE PAYABLE - A,Long Term Liability,0-26000,OTHER LIABILITIES
CAP LEASE PAYABLE - B,Long Term Liability,0-26005,OTHER LIABILITIES
NOTES PAYABLE - INVESTORS,Long Term Liability,0-27000,OTHER LIABILITIES
Opening Balance Equity,Equity,30000,
RETAINED EARNINGS,Equity,0-30000,
PARTNERS EQUITY - CONT / DIST,Equity,0-30010,EQUITY
COMMON STOCK,Equity,0-30020,EQUITY
PREFERRED STOCK,Equity,0-30030,EQUITY
TREASURY STOCK,Equity,0-30040,EQUITY
DIVIDENDS,Equity,0-30050,EQUITY
CASH TO ACCRUAL ADJUSTMENT,Equity,0-30060,EQUITY
GOLF MONTHLY DUES,Income,1-40005,DUES
GOLF ANNUAL DUES,Income,1-40010,DUES
GOLF WEEKDAY DUES,Income,1-40015,DUES
GOLF CORPORATE DUES,Income,1-40020,DUES
SEASONAL FLEX MEMBER DUES,Income,1-40025,DUES
SWIM/TENNIS DUES,Income,1-40030,DUES
OTHER,Income,1-40035,DUES
ANNUAL PASSES - FY NET ADJ,Income,1-40050,DUES
ANNUAL PASSES - SY NET ADJ,Income,1-40051,DUES
INITIATION FEES,Income,1-41005,INITIATION / SEASON PASS
GOLF SINGLE,Income,1-41010,INITIATION / SEASON PASS
GOLF WEEKDAY,Income,1-41015,INITIATION / SEASON PASS
GOLF CORPORATE,Income,1-41020,INITIATION / SEASON PASS
SEASONAL GOLF,Income,1-41025,INITIATION / SEASON PASS
SWIM/TENNIS,Income,1-41030,INITIATION / SEASON PASS
OTHER - IJGA FEES,Income,1-41035,INITIATION / SEASON PASS
PLAYERS CARD,Income,1-41040,INITIATION / SEASON PASS
INITIATION - FY NET ADJUSTMENT,Income,1-41050,INITIATION / SEASON PASS
PLAYERS CARD - SY NET ADJ,Income,1-41051,INITIATION / SEASON PASS
18 HOLE WEEKDAY,Income,1-40110,GREENS FEES
9 HOLE WEEKDAY,Income,1-40115,GREENS FEES
CORPORATE WEEKDAY,Income,1-40120,GREENS FEES
18 HOLE DAILY FEE,Income,1-40125,GREENS FEES
LEAGUE WEEKDAY,Income,1-40130,GREENS FEES
MEMBER GUEST FEE,Income,1-40135,GREENS FEES
OUTING FEE,Income,1-40140,GREENS FEES
18 HOLE PROMOTIONAL,Income,1-40145,GREENS FEES
SENIOR / JUNIOR WEEKDAY,Income,1-40150,GREENS FEES
SPECIAL FEE WEEKDAY,Income,1-40155,GREENS FEES
SUPER TWILIGHT WEEKDAY,Income,1-40160,GREENS FEES
TWILIGHT WEEKDAY,Income,1-40165,GREENS FEES
MID DAY WEEKDAY,Income,1-40175,GREENS FEES
18 HOLE WEEKEND,Income,1-41110,GREENS FEES
9 HOLE WEEKEND,Income,1-41115,GREENS FEES
CORPORATE WEEKEND,Income,1-41120,GREENS FEES
9 HOLE DAILY FEE,Income,1-41125,GREENS FEES
LEAGUE WEEKEND,Income,1-41130,GREENS FEES
MEMBER GUEST WEEKEND,Income,1-41135,GREENS FEES
OUTING WEEKEND,Income,1-41140,GREENS FEES
PLAYERS CARD WEEKEND,Income,1-41145,GREENS FEES
SENIOR / JUNIOR WEEKEND,Income,1-41150,GREENS FEES
SPECIAL FEE WEEKEND,Income,1-41155,GREENS FEES
SUPER TWILIGHT WEEKEND,Income,1-41160,GREENS FEES
TWILIGHT WEEKEND,Income,1-41165,GREENS FEES
MID DAY WEEKEND,Income,1-41175,GREENS FEES
18 HOLE CART FEE,Income,1-40190,CART FEES
9 HOLE CART FEE,Income,1-40195,CART FEES
CART SPECIAL PLAY PASSES,Income,1-40200,CART FEES
MEMBER CART 18 WEEKDAY,Income,1-40205,CART FEES
MEMBER CART 9 WEEKDAY,Income,1-40210,CART FEES
PULL CARTS WEEKDAY,Income,1-40215,CART FEES
FREQUENT CART PLAN,Income,1-40240,CART FEES
FREQUENT CART PLAN - FY NET ADJ,Income,1-40250,CART FEES
FREQUENT CART PLAN - SY NET ADJ,Income,1-40251,CART FEES
HALF CART 18 WEEKEND,Income,1-41190,CART FEES
HALF CART 9 WEEKEND,Income,1-41195,CART FEES
CART SPECIAL WEEKEND,Income,1-41200,CART FEES
MEMBER CART 18 WEEKEND,Income,1-41205,CART FEES
MEMBER CART 9 WEEKEND,Income,1-41210,CART FEES
PULL CART WEEKEND,Income,1-41215,CART FEES
RANGE FEES,Income,1-10240,RANGE
LARGE - WEEKDAY,Income,1-10245,RANGE
RANGE PLAN - WEEKDAY,Income,1-10250,RANGE
RANGE PLAN - FY NET ADJ - WKDAY,Income,1-10251,RANGE
RANGE PLAN - SY NET ADJ - WKDAY,Income,1-10252,RANGE
SMALL - WEEKEND,Income,1-41240,RANGE
LARGE - WEEKEND,Income,1-41245,RANGE
RANGE PLAN - WEEKEND,Income,1-41250,RANGE
RANGE PLAN - FY NET ADJ - WKEND,Income,1-41251,RANGE
RANGE PLAN - SY NET ADJ - WKEND,Income,1-41252,RANGE
GIFT CERTIFICATES (EXPIRED),Income,1-40105,OTHER PRO SHOP INCOME
RAIN CHECK (EXPIRED),Income,1-40180,OTHER PRO SHOP INCOME
CLUB RENTAL INCOME,Income,1-40270,OTHER PRO SHOP INCOME
HANDICAP FEES,Income,1-40275,OTHER PRO SHOP INCOME
MISCELLANEOUS,Income,1-40280,OTHER PRO SHOP INCOME
LOCKER RENTAL,Income,1-40285,OTHER PRO SHOP INCOME
CLUB CLEANING AND STORAGE,Income,1-40290,OTHER PRO SHOP INCOME
LESSON INCOME,Income,1-40295,OTHER PRO SHOP INCOME
BAG STORAGE INCOME,Income,1-40300,OTHER PRO SHOP INCOME
SIGN SPONSORSHIP INCOME,Income,1-40305,OTHER PRO SHOP INCOME
POA MAINTENANCE INCOME,Income,1-40400,OTHER PRO SHOP INCOME
PRIVATE TRAIL INCOME,Income,1-40500,OTHER PRO SHOP INCOME
PRIVATE TRAIL INCOME-SY NET ADJ,Income,1-40505,OTHER PRO SHOP INCOME
TENNIS,Income,1-40055,OTHER MEMBERSHIP INCOME
TENNIS CLINIC FEES,Income,1-40060,OTHER MEMBERSHIP INCOME
POOL,Income,1-40065,OTHER MEMBERSHIP INCOME
SWIM TEAM REVENUE,Income,1-40070,OTHER MEMBERSHIP INCOME
RETURN CHECK CHARGE INCOME,Income,1-40075,OTHER MEMBERSHIP INCOME
LATE CHARGE,Income,1-40080,OTHER MEMBERSHIP INCOME
FINANCE CHARGE,Income,1-40085,OTHER MEMBERSHIP INCOME
OTHER MEMBERSHIP INCOME,Income,1-40090,OTHER MEMBERSHIP INCOME
RACQUET REPAIR,Income,1-40095,OTHER MEMBERSHIP INCOME
TRANSFER FEES,Income,1-40100,OTHER MEMBERSHIP INCOME
INDOOR CONTRACT RENTAL,Income,1-40310,OTHER MEMBERSHIP INCOME
INDOOR CONTRACT RENTAL- MBR,Income,1-40315,OTHER MEMBERSHIP INCOME
INDOOR CONTRACT RENTAL-NON MBR,Income,1-40320,OTHER MEMBERSHIP INCOME
SERVICE CHARGE,Income,3-40530,OTHER F&B INCOME
UNUSED MINIMUM SPENDING,Income,3-40535,OTHER F&B INCOME
ROOM RENTAL,Income,3-40540,OTHER F&B INCOME
CONSIGNMENT GOODS,Income,3-40545,OTHER F&B INCOME
MISCELLANEOUS,Income,3-40550,OTHER F&B INCOME
LICENSE FEES,Income,3-40595,OTHER F&B INCOME
PARKING - BANQUETS,Income,3-40600,OTHER F&B INCOME
BANQUET SURCHARGE,Income,3-40605,OTHER F&B INCOME
ROOM RENTAL,Income,2-40540,HOTEL / VILLA
SHOES,Income,2-40400,MERCHANDISE SALES
MENS' WEAR,Income,2-40405,MERCHANDISE SALES
LADIES' WEAR,Income,2-40410,MERCHANDISE SALES
PRO BALLS,Income,2-40415,MERCHANDISE SALES
GLOVES,Income,2-40420,MERCHANDISE SALES
CLUBS,Income,2-40425,MERCHANDISE SALES
MISCELLANEOUS MERCHANDISE,Income,2-40430,MERCHANDISE SALES
CLUB REPAIRS,Income,2-40435,MERCHANDISE SALES
HEADWEAR,Income,2-40440,MERCHANDISE SALES
GRILL FOOD,Income,3-41500,GRILL ROOM SALES
GRILL LIQUOR,Income,3-41505,GRILL ROOM SALES
GRILL BEER,Income,3-41510,GRILL ROOM SALES
GRILL WINE,Income,3-41515,GRILL ROOM SALES
GRILL SOFT DRINKS,Income,3-41520,GRILL ROOM SALES
TOBACCO,Income,3-41525,GRILL ROOM SALES
OUTING FOOD,Income,3-42500,OUTING SALES
RESTAURANT LIQUOR,Income,3-42505,OUTING SALES
OUTING BEER,Income,3-42510,OUTING SALES
OUTING WINE,Income,3-42515,OUTING SALES
BANQUET FOOD,Income,3-43500,BANQUET SALES
BANQUET LIQUOR,Income,3-43505,BANQUET SALES
BANQUET BEER,Income,3-43510,BANQUET SALES
BANQUET WINE,Income,3-43515,BANQUET SALES
BANQUET SOFT DRINKS,Income,3-43520,BANQUET SALES
CONCESSION/POOL FOOD,Income,3-44500,CONCESSION / POOL SALES
CONCESSION/POOL BEER,Income,3-44510,CONCESSION / POOL SALES
CONCESSION/POOL VENDING,Income,3-44520,CONCESSION / POOL SALES
BEVERAGE CART FOOD,Income,3-45500,BEVERAGE CART
BEVERAGE CART LIQUOR,Income,3-45505,BEVERAGE CART
BEVERAGE CART BEER,Income,3-45510,BEVERAGE CART
BEVERAGE CART WINE,Income,3-45515,BEVERAGE CART
COST OF SHOES,Cost of Goods Sold,2-50400,MERCHANDISE COST OF GOODS
COST OF MEN'S WEAR,Cost of Goods Sold,2-50405,MERCHANDISE COST OF GOODS
COST OF LADIES' WEAR,Cost of Goods Sold,2-50410,MERCHANDISE COST OF GOODS
COST OF PRO BALLS,Cost of Goods Sold,2-50415,MERCHANDISE COST OF GOODS
COST OF GLOVES,Cost of Goods Sold,2-50420,MERCHANDISE COST OF GOODS
COST OF CLUBS,Cost of Goods Sold,2-50425,MERCHANDISE COST OF GOODS
COST OF MISC MERCHANDISE,Cost of Goods Sold,2-50430,MERCHANDISE COST OF GOODS
COST OF CLUB REPAIRS,Cost of Goods Sold,2-50435,MERCHANDISE COST OF GOODS
COST OF HEADWEAR,Cost of Goods Sold,2-50440,MERCHANDISE COST OF GOODS
GRILL COST OF FOOD,Cost of Goods Sold,3-51100,GRILL COST OF GOODS
GRILL COST OF LIQUOR,Cost of Goods Sold,3-51105,GRILL COST OF GOODS
GRILL COST OF BEER,Cost of Goods Sold,3-51110,GRILL COST OF GOODS
GRILL COST OF WINE,Cost of Goods Sold,3-51115,GRILL COST OF GOODS
GRILL COST OF SOFT DRINKS,Cost of Goods Sold,3-51120,GRILL COST OF GOODS
COST OF TOBACCO,Cost of Goods Sold,3-51125,GRILL COST OF GOODS
WAGES - GOLF SHOP,Expense,1-60005,PRO SHOP LABOR
WAGES - GOLF CARS,Expense,1-60010,PRO SHOP LABOR
WAGES - PROFESSIONAL #3,Expense,1-60015,PRO SHOP LABOR
WAGES - ASSISTANT PRO,Expense,1-60020,PRO SHOP LABOR
WAGES - CLERKS,Expense,1-60025,PRO SHOP LABOR
WAGES - CARTS,Expense,1-60030,PRO SHOP LABOR
WAGES - STARTER/MARSHALL,Expense,1-60035,PRO SHOP LABOR
WAGES - PRO SHOP,Expense,1-60040,PRO SHOP LABOR
CONTRACT LABOR - PRO SHOP,Expense,1-60300,PRO SHOP LABOR
BONUSES - PRO SHOP,Expense,1-60350,PRO SHOP LABOR
PAYROLL TAXES,Expense,1-60450,PRO SHOP LABOR
EMPLOYEE INSURANCE,Expense,1-60500,PRO SHOP LABOR
WAGES - FITNESS,Expense,2-60060,FITNESS
CONTRACT LABOR,Expense,2-60300,HOTEL / VILLA LABOR
BONUSES,Expense,2-60350,HOTEL / VILLA LABOR
PAYROLL TAXES,Expense,2-60450,HOTEL / VILLA LABOR
EMPLOYEE INSURANCE,Expense,2-60500,HOTEL / VILLA LABOR
WAGES - MANAGER,Expense,3-60060,FOOD AND BEVERAGE LABOR
WAGES - ASSISTANT MANAGER,Expense,3-60065,FOOD AND BEVERAGE LABOR
WAGES - KITCHEN MANAGER,Expense,3-60070,FOOD AND BEVERAGE LABOR
WAGES - CHEFS,Expense,3-60075,FOOD AND BEVERAGE LABOR
WAGES - COOKS,Expense,3-60080,FOOD AND BEVERAGE LABOR
WAGES - BARTENDER,Expense,3-60085,FOOD AND BEVERAGE LABOR
WAGES - SERVER,Expense,3-60090,FOOD AND BEVERAGE LABOR
WAGES - DISHWASHER,Expense,3-60095,FOOD AND BEVERAGE LABOR
WAGES - GRILL ROOM,Expense,3-60100,FOOD AND BEVERAGE LABOR
WAGES - CONCESSION/UTILITY,Expense,3-60105,FOOD AND BEVERAGE LABOR
WAGES - HOST/HOSTESS,Expense,3-60110,FOOD AND BEVERAGE LABOR
WAGES - BEVERAGE CART,Expense,3-60115,FOOD AND BEVERAGE LABOR
WAGES - BEVERAGE DEPARTMENT,Expense,3-60120,FOOD AND BEVERAGE LABOR
CONTRACT LABOR - F&B,Expense,3-60300,FOOD AND BEVERAGE LABOR
BONUSES - F&B,Expense,3-60350,FOOD AND BEVERAGE LABOR
PAYROLL TAXES,Expense,3-60450,FOOD AND BEVERAGE LABOR
EMPLOYEE INSURANCE,Expense,3-60500,FOOD AND BEVERAGE LABOR
WAGES - COURSE MAINTENANCE,Expense,4-60150,COURSE MAINTENANCE LABOR
WAGES - ASST SUPERINTENDENT,Expense,4-60155,COURSE MAINTENANCE LABOR
WAGES - CLUB MECHANIC,Expense,4-60160,COURSE MAINTENANCE LABOR
WAGES - MECHANIC'S ASSISTANT,Expense,4-60165,COURSE MAINTENANCE LABOR
WAGES - EQUIPMENT LABORERS,Expense,4-60170,COURSE MAINTENANCE LABOR
WAGES - FOREMAN,Expense,4-60175,COURSE MAINTENANCE LABOR
WAGES - SPRAY TECH,Expense,4-60180,COURSE MAINTENANCE LABOR
CONTRACT LABOR - MAINT,Expense,4-60300,COURSE MAINTENANCE LABOR
BONUSES - MAINT,Expense,4-60350,COURSE MAINTENANCE LABOR
PAYROLL TAXES,Expense,4-60450,COURSE MAINTENANCE LABOR
EMPLOYEE INSURANCE,Expense,4-60500,COURSE MAINTENANCE LABOR
WAGES - POOL,Expense,5-60190,POOL/HOTEL & OTHER LABOR
PAYROLL TAXES,Expense,5-60450,POOL/HOTEL & OTHER LABOR
EMPLOYEE INSURANCE,Expense,5-60500,POOL/HOTEL & OTHER LABOR
WAGES - TENNIS,Expense,6-60200,TENNIS LABOR
PAYROLL TAXES,Expense,6-60450,TENNIS LABOR
EMPLOYEE INSURANCE,Expense,6-60500,TENNIS LABOR
WAGES-BUILDING MAINTENANCE,Expense,7-60210,BUILDING MAINTENANCE LABOR
WAGES-CLEANING,Expense,7-60215,BUILDING MAINTENANCE LABOR
BONUSES,Expense,7-60350,BUILDING MAINTENANCE LABOR
PAYROLL TAXES,Expense,7-60450,BUILDING MAINTENANCE LABOR
EMPLOYEE INSURANCE,Expense,7-60500,BUILDING MAINTENANCE LABOR
BANQUET DIRECTOR SALES,Expense,8-60220,MARKETING LABOR
MEMBERSHIP DIRECTOR SALES,Expense,8-60225,MARKETING LABOR
TOURNAMENT DIRECTOR SALES,Expense,8-60230,MARKETING LABOR
CONTRACT LABOR - MKTG,Expense,8-60300,MARKETING LABOR
BONUSES - MKTG,Expense,8-60350,MARKETING LABOR
PAYROLL TAXES,Expense,8-60450,MARKETING LABOR
EMPLOYEE INSURANCE,Expense,8-60500,MARKETING LABOR
WAGES - GENERAL MANAGER,Expense,9-60240,ADMINISTRATIVE LABOR
WAGES - ASST MANAGER,Expense,9-60245,ADMINISTRATIVE LABOR
WAGES - BOOKKEEPER,Expense,9-60250,ADMINISTRATIVE LABOR
WAGES - ADMIN ASST,Expense,9-60255,ADMINISTRATIVE LABOR
WAGES - SALES,Expense,9-60260,ADMINISTRATIVE LABOR
WAGES - ADMINISTRATIVE,Expense,9-60265,ADMINISTRATIVE LABOR
CONTRACT LABOR - ADMIN,Expense,9-60300,ADMINISTRATIVE LABOR
BONUSES - ADMIN,Expense,9-60350,ADMINISTRATIVE LABOR
PAYROLL TAXES,Expense,9-60450,ADMINISTRATIVE LABOR
EMPLOYEE INSURANCE,Expense,9-60500,ADMINISTRATIVE LABOR
CART RENTAL,Expense,1-70120,PRO SHOP EXPENSES
CLEANING SUPPLIES - PS,Expense,1-70170,PRO SHOP EXPENSES
CLUB REPAIRS SUPPLIES,Expense,1-70180,PRO SHOP EXPENSES
DUES & SUBSCRIPTIONS - PS,Expense,1-70270,PRO SHOP EXPENSES
ELECTRICITY,Expense,1-70290,PRO SHOP EXPENSES
EQUIPMENT RENTAL - PS,Expense,1-70360,PRO SHOP EXPENSES
GAS / OIL / PROPANE - PS,Expense,1-70430,PRO SHOP EXPENSES
HANDICAP ASSOCIATION,Expense,1-70470,PRO SHOP EXPENSES
LOCKER ROOM SUPPLIES,Expense,1-70620,PRO SHOP EXPENSES
LOSS & DAMAGE,Expense,1-70625,PRO SHOP EXPENSES
MEALS & ENTERTAINMENT - PS,Expense,1-70640,PRO SHOP EXPENSES
MERCHANDISE SUPPLIES,Expense,1-70660,PRO SHOP EXPENSES
PENCILS/SCORECARDS,Expense,1-70740,PRO SHOP EXPENSES
POSTAG/FEDEX/UPS/FREIGHT - PS,Expense,1-70790,PRO SHOP EXPENSES
PRINTING & DUPLICATION,Expense,1-70800,PRO SHOP EXPENSES
RANGE BALLS,Expense,1-70820,PRO SHOP EXPENSES
RANGE EQUIPMENT,Expense,1-70830,PRO SHOP EXPENSES
RENTAL CLUBS,Expense,1-70850,PRO SHOP EXPENSES
REPAIRS & MAINTENANCE - PS,Expense,1-70860,PRO SHOP EXPENSES
SEMINARS - PS,Expense,1-70910,PRO SHOP EXPENSES
SUPPLIES - PS,Expense,1-70975,PRO SHOP EXPENSES
TELEPHONE - PS,Expense,1-71000,PRO SHOP EXPENSES
TOOLS EXPENSE - PS,Expense,1-71010,PRO SHOP EXPENSES
TOURNAMENT EXPENSE,Expense,1-71030,PRO SHOP EXPENSES
TOWEL SERVICE,Expense,1-71040,PRO SHOP EXPENSES
TRAVEL - PS,Expense,1-71060,PRO SHOP EXPENSES
UNIFORMS - PS,Expense,1-71070,PRO SHOP EXPENSES
COMPUTER MAINTENANCE / LEASE,Expense,2-70190,HOTEL / VILLA EXPENSES
ELECTRICITY,Expense,2-70290,HOTEL / VILLA EXPENSES
INTERNET,Expense,2-70510,HOTEL / VILLA EXPENSES
JANITORIAL & PEST CONTROL,Expense,2-70540,HOTEL / VILLA EXPENSES
LINEN,Expense,2-70610,HOTEL / VILLA EXPENSES
REPAIRS & MAINTENANCE,Expense,2-70860,HOTEL / VILLA EXPENSES
SUPPLIES,Expense,2-70975,HOTEL / VILLA EXPENSES
WATER & SEWER,Expense,2-71080,HOTEL / VILLA EXPENSES
ADVERTISING,Expense,3-70010,FOOD AND BEVERAGE EXPENSES
BANK CHARGES,Expense,3-70080,FOOD AND BEVERAGE EXPENSES
BEVERAGE CART LEASE,Expense,3-70100,FOOD AND BEVERAGE EXPENSES
"CHINA, GLASS & SILVER",Expense,3-70160,FOOD AND BEVERAGE EXPENSES
CLEANING SUPPLIES - F&B,Expense,3-70170,FOOD AND BEVERAGE EXPENSES
CREDIT CARD FEES,Expense,3-70240,FOOD AND BEVERAGE EXPENSES
DECORATIONS,Expense,3-70250,FOOD AND BEVERAGE EXPENSES
DUES & SUBSCRIPTIONS - F&B,Expense,3-70270,FOOD AND BEVERAGE EXPENSES
ELECTRICITY - F&B,Expense,3-70290,FOOD AND BEVERAGE EXPENSES
EQUIPMENT RENTAL - F&B,Expense,3-70360,FOOD AND BEVERAGE EXPENSES
FICA - F&B,Expense,3-70390,FOOD AND BEVERAGE EXPENSES
FUTA - F&B,Expense,3-70420,FOOD AND BEVERAGE EXPENSES
GAS / OIL / PROPANE - F&B,Expense,3-70430,FOOD AND BEVERAGE EXPENSES
ICE,Expense,3-70490,FOOD AND BEVERAGE EXPENSES
INSURANCE,Expense,3-70500,FOOD AND BEVERAGE EXPENSES
JANITORIAL & PEST CONTROL - F&B,Expense,3-70540,FOOD AND BEVERAGE EXPENSES
LAND / BUILDING RENTAL - F&B,Expense,3-70560,FOOD AND BEVERAGE EXPENSES
LAUNDRY & DRY CLEANING,Expense,3-70580,FOOD AND BEVERAGE EXPENSES
LICENSE / TAXES / PERMITS - F&B,Expense,3-70600,FOOD AND BEVERAGE EXPENSES
LINEN,Expense,3-70610,FOOD AND BEVERAGE EXPENSES
LOSS & DAMAGE,Expense,3-70620,FOOD AND BEVERAGE EXPENSES
MENUS / PRINTING,Expense,3-70650,FOOD AND BEVERAGE EXPENSES
MEALS & ENTERTAINMENT,Expense,3-70680,FOOD AND BEVERAGE EXPENSES
MUSIC & ENTERTAINMENT,Expense,3-70685,FOOD AND BEVERAGE EXPENSES
OFFICE EXPENSES,Expense,3-70700,FOOD AND BEVERAGE EXPENSES
PAYROLL PROCESSING,Expense,3-70730,FOOD AND BEVERAGE EXPENSES
PRINTING & DUPLICATION,Expense,3-70800,FOOD AND BEVERAGE EXPENSES
PROFESSIONAL FEES,Expense,3-70805,FOOD AND BEVERAGE EXPENSES
PROMOTIONS,Expense,3-70810,FOOD AND BEVERAGE EXPENSES
REPAIRS & MAINTENANCE,Expense,3-70860,FOOD AND BEVERAGE EXPENSES
SEMINARS - F&B,Expense,3-70910,FOOD AND BEVERAGE EXPENSES
SMALL EQUIPMENT - F&B,Expense,3-70945,FOOD AND BEVERAGE EXPENSES
SPOILAGE,Expense,3-70960,FOOD AND BEVERAGE EXPENSES
SUI-F&B,Expense,3-70970,FOOD AND BEVERAGE EXPENSES
SUPPLIES - F&B,Expense,3-70975,FOOD AND BEVERAGE EXPENSES
TAXES,Expense,3-70980,FOOD AND BEVERAGE EXPENSES
TELEPHONE,Expense,3-71000,FOOD AND BEVERAGE EXPENSES
TRAVEL - F&B,Expense,3-71060,FOOD AND BEVERAGE EXPENSES
UNIFORMS - F&B,Expense,3-71070,FOOD AND BEVERAGE EXPENSES
AUTO / TRUCK EXPENSE,Expense,4-70060,COURSE EXPENSES
CHEMICALS - MAINT,Expense,4-70150,COURSE EXPENSES
CLEANING SUPPLIES - MAINT,Expense,4-70170,COURSE EXPENSES
CONTRACT SERVICES,Expense,4-70200,COURSE EXPENSES
DRAINAGE,Expense,4-70265,COURSE EXPENSES
DUES & SUBSCRIPTIONS - MAINT,Expense,4-70270,COURSE EXPENSES
ELECTRICITY - MAINT BUILDING,Expense,4-70300,COURSE EXPENSES
ELECTRICITY - PUMPS/COURSE,Expense,4-70310,COURSE EXPENSES
EQUIPMENT LEASE,Expense,4-70350,COURSE EXPENSES
EQUIPMENT RENTAL,Expense,4-70360,COURSE EXPENSES
FERTILIZER,Expense,4-70380,COURSE EXPENSES
GASOLINE / DIESEL - MAINT,Expense,4-70430,COURSE EXPENSES
HEATING OIL / PROPANE,Expense,4-70480,COURSE EXPENSES
INTERNET,Expense,4-70510,COURSE EXPENSES
LANDSCAPING/TREES/SHRUBS,Expense,4-70570,COURSE EXPENSES
LICENSES/TAXES/PERMITS - MAINT,Expense,4-70600,COURSE EXPENSES
OILS / LUBRICANTS,Expense,4-70720,COURSE EXPENSES
PLAY SUPPLIES,Expense,4-70770,COURSE EXPENSES
PORTABLE TOILETS,Expense,4-70780,COURSE EXPENSES
PRINTING & DUPLICATION,Expense,4-70800,COURSE EXPENSES
REPAIRS & MAINTENANCE - BUILDING,Expense,4-70860,COURSE EXPENSES
REPAIRS & MAINTENANCE - CART PATH,Expense,4-70862,COURSE EXPENSES
REPAIRS & MAINTENANCE - EQUIPMENT,Expense,4-70864,COURSE EXPENSES
REPAIRS & MAINTENANCE - IRRIGATION,Expense,4-70866,COURSE EXPENSES
SAND,Expense,4-70880,COURSE EXPENSES
SEED / SOD,Expense,4-70900,COURSE EXPENSES
SEMINARS / EDUCATION,Expense,4-70910,COURSE EXPENSES
SMALL EQUIPMENT - MAINT,Expense,4-70945,COURSE EXPENSES
SUPPLIES - MAINT,Expense,4-70975,COURSE EXPENSES
TELEPHONE - MAINT,Expense,4-71000,COURSE EXPENSES
TESTING / CONSULTING,Expense,4-71005,COURSE EXPENSES
TOOLS EXPENSE,Expense,4-71010,COURSE EXPENSES
TOP DRESSING,Expense,4-71020,COURSE EXPENSES
TOPSOIL / AGGREGATES,Expense,4-71025,COURSE EXPENSES
TRASH & WASTE REMOVAL - MAINT,Expense,4-71050,COURSE EXPENSES
TRAVEL - MAINT,Expense,4-71060,COURSE EXPENSES
UNIFORMS - MAINT,Expense,4-71070,COURSE EXPENSES
WATER/SEWER - MAINT,Expense,4-71080,COURSE EXPENSES
WEATHER SYSTEM,Expense,4-71090,COURSE EXPENSES
CHEMICALS - PH&O,Expense,5-70150,POOL/HOTEL & OTHER EXPENSES
CLEANING SUPPLIES - PH&O,Expense,5-70170,POOL/HOTEL & OTHER EXPENSES
COMMISSIONS - PH&O,Expense,5-70185,POOL/HOTEL & OTHER EXPENSES
ELECTRICITY,Expense,5-70290,POOL/HOTEL & OTHER EXPENSES
LANDSCAPING/TREES/SHRUBS,Expense,5-70570,POOL/HOTEL & OTHER EXPENSES
LICENSES/TAXES/PERMITS - PH&O,Expense,5-70600,POOL/HOTEL & OTHER EXPENSES
MANAGEMENT FEE - PH&O,Expense,5-70630,POOL/HOTEL & OTHER EXPENSES
REPAIR & MAINTENANCE - PH&O,Expense,5-70860,POOL/HOTEL & OTHER EXPENSES
SUPPLIES,Expense,5-70975,POOL/HOTEL & OTHER EXPENSES
TELEPHONE,Expense,5-71000,POOL/HOTEL & OTHER EXPENSES
WATER/SEWER - PH&O,Expense,5-71080,POOL/HOTEL & OTHER EXPENSES
ELECTRICITY,Expense,6-70290,TENNIS EXPENSES
MANAGEMENT FEE - T,Expense,6-70630,TENNIS EXPENSES
REPAIRS & MAINTENANCE,Expense,6-70860,TENNIS EXPENSES
SUPPLIES,Expense,6-70975,TENNIS EXPENSES
TELEPHONE,Expense,6-71000,TENNIS EXPENSES
UNIFORMS,Expense,6-71070,TENNIS EXPENSES
CLEANING SUPPLIES,Expense,7-70170,BUILDING MAINTENANCE
GAS / OIL / PROPANE,Expense,7-70440,BUILDING MAINTENANCE
ELECTRICITY,Expense,7-70290,BUILDING MAINTENANCE
"LICENSES, TAXES & PERMITS",Expense,7-70600,BUILDING MAINTENANCE
LINEN,Expense,7-70610,BUILDING MAINTENANCE
SEMINARS,Expense,7-70910,BUILDING MAINTENANCE
REPAIR & MAINTENANCE,Expense,7-70860,BUILDING MAINTENANCE
SUPPLIES,Expense,7-70975,BUILDING MAINTENANCE
TELEPHONE,Expense,7-71000,BUILDING MAINTENANCE
TOOLS,Expense,7-71010,BUILDING MAINTENANCE
TRASH & WASTE REMOVAL,Expense,7-71050,BUILDING MAINTENANCE
UNIFORMS,Expense,7-71070,BUILDING MAINTENANCE
WATER / SEWER,Expense,7-71080,BUILDING MAINTENANCE
ADVERTISING - MKTG,Expense,8-70010,MARKETING EXPENSES
COMMISSIONS - MKTG,Expense,8-70185,MARKETING EXPENSES
DECORATIONS,Expense,8-70250,MARKETING EXPENSES
DIRECT MAIL,Expense,8-70260,MARKETING EXPENSES
DUES & SUBSCRIPTIONS,Expense,8-70270,MARKETING EXPENSES
ELECTRONIC TEE TIME SOFTWARE,Expense,8-70320,MARKETING EXPENSES
EQUIPMENT RENTAL,Expense,8-70360,MARKETING EXPENSES
GRAPHIC DESIGN,Expense,8-70460,MARKETING EXPENSES
INSURANCE,Expense,8-70500,MARKETING EXPENSES
MEALS & ENTERTAINMENT - MKTG,Expense,8-70680,MARKETING EXPENSES
MUSIC & ENTERTAINMENT,Expense,8-70685,MARKETING EXPENSES
PHOTOGRAPHY,Expense,8-70760,MARKETING EXPENSES
POSTAGE/FEDEX/UPS/FREIGHT-MKTG,Expense,8-70790,MARKETING EXPENSES
PRINTING & DUPLICATION,Expense,8-70800,MARKETING EXPENSES
PROMOTIONS,Expense,8-70810,MARKETING EXPENSES
TELEPHONE - MKTG,Expense,8-71000,MARKETING EXPENSES
TRAVEL - MKTG,Expense,8-71060,MARKETING EXPENSES
UNIFORMS - MKTG,Expense,8-71070,MARKETING EXPENSES
WEBSITE FEES,Expense,8-71100,MARKETING EXPENSES
401K PLAN EXPENSE,Expense,9-70000,ADMINISTRATIVE EXPENSES
ADVERTISING,Expense,9-70010,ADMINISTRATIVE EXPENSES
BAD DEBT,Expense,9-70070,ADMINISTRATIVE EXPENSES
BANK CHARGES,Expense,9-70080,ADMINISTRATIVE EXPENSES
CABLE TV,Expense,9-70110,ADMINISTRATIVE EXPENSES
CLEANING SUPPLIES,Expense,9-70170,ADMINISTRATIVE EXPENSES
CAM / HOA EXPENSE,Expense,9-70180,ADMINISTRATIVE EXPENSES
COMPUTER MAINTENANCE/LEASE,Expense,9-70190,ADMINISTRATIVE EXPENSES
CONTRIBUTIONS,Expense,9-70220,ADMINISTRATIVE EXPENSES
CREDIT CARD FEES,Expense,9-70240,ADMINISTRATIVE EXPENSES
DUE & SUBSCRIPTIONS,Expense,9-70270,ADMINISTRATIVE EXPENSES
ELECTRICITY,Expense,9-70290,ADMINISTRATIVE EXPENSES
EMPLOYEE RECRUITMENT/RELOCATION,Expense,9-70330,ADMINISTRATIVE EXPENSES
EQUIPMENT RENTAL - ADMIN,Expense,9-70360,ADMINISTRATIVE EXPENSES
FICA TAX EXPENSE,Expense,9-70390,ADMINISTRATIVE EXPENSES
FIRE EXTINGUISHERS,Expense,9-70400,ADMINISTRATIVE EXPENSES
FUTA,Expense,9-70420,ADMINISTRATIVE EXPENSES
GAS / OIL / PROPANE - ADMIN,Expense,9-70440,ADMINISTRATIVE EXPENSES
INSURANCE,Expense,9-70500,ADMINISTRATIVE EXPENSES
INTERNET ACCESS,Expense,9-70510,ADMINISTRATIVE EXPENSES
JANITORIAL & PEST CONTROL,Expense,9-70540,ADMINISTRATIVE EXPENSES
LAND / BUILDING RENTAL - ADMIN,Expense,9-70560,ADMINISTRATIVE EXPENSES
"LICENSES, TAXES & PERMITS",Expense,9-70600,ADMINISTRATIVE EXPENSES
MEALS & ENTERTAINMENT - ADMIN,Expense,9-70680,ADMINISTRATIVE EXPENSES
OFFICE EQUIP RENTAL / COPIER,Expense,9-70690,ADMINISTRATIVE EXPENSES
OFFICE SUPPLIES,Expense,9-70700,ADMINISTRATIVE EXPENSES
PAYROLL PROCESSING,Expense,9-70730,ADMINISTRATIVE EXPENSES
PHONE SYSTEM,Expense,9-70750,ADMINISTRATIVE EXPENSES
POSTAGE/FEDEX/UPS/FREIGHT,Expense,9-70790,ADMINISTRATIVE EXPENSES
PRINTING & DUPLICATION,Expense,9-70800,ADMINISTRATIVE EXPENSES
PROFESSIONAL FEES,Expense,9-70805,ADMINISTRATIVE EXPENSES
PROMOTIONS,Expense,9-70810,ADMINISTRATIVE EXPENSES
REPAIR & MAINTENANCE - ADMIN,Expense,9-70860,ADMINISTRATIVE EXPENSES
SECURITY,Expense,9-70890,ADMINISTRATIVE EXPENSES
SEMINARS - ADMIN,Expense,9-70910,ADMINISTRATIVE EXPENSES
SERVICE & FINANCE CHARGES,Expense,9-70920,ADMINISTRATIVE EXPENSES
SUI,Expense,9-70970,ADMINISTRATIVE EXPENSES
TAXES,Expense,9-70980,ADMINISTRATIVE EXPENSES
TELEPHONE,Expense,9-71000,ADMINISTRATIVE EXPENSES
TRASH & WASTE REMOVAL - ADMIN,Expense,9-71050,ADMINISTRATIVE EXPENSES
TRAVEL,Expense,9-71060,ADMINISTRATIVE EXPENSES
UNIFORMS,Expense,9-71070,ADMINISTRATIVE EXPENSES
WATER / SEWER,Expense,9-71080,ADMINISTRATIVE EXPENSES
OWNER LEGAL,Expense,9-90000,ADMINISTRATIVE EXPENSES
OWNERS EXPENSE,Expense,9-90010,ADMINISTRATIVE EXPENSES
GAIN ON SALE OF FIXED ASSETS,Other Income,0-40800,OTHER INCOME
INTEREST INCOME,Other Income,0-40820,OTHER INCOME
MISCELLANEOUS INCOME,Other Income,0-40840,OTHER INCOME
OVER/(SHORT),Other Income,0-40860,OTHER INCOME
CLUBHOUSE ASSESSMENT,Other Income,0-40870,OTHER INCOME
GOLF ASSESSMENT,Other Income,0-40875,OTHER INCOME
LEGAL RETAINER ASSESSMENT,Other Income,0-40880,OTHER INCOME
RESIDENTIAL LOTS - REVENUE,Other Income,0-40900,OTHER INCOME
CART LEASE,Other Expense,0-75000,OTHER EXPENSE
INCOME TAX EXPENSE,Other Expense,0-75020,OTHER EXPENSE
INTEREST EXPENSE,Other Expense,0-75040,OTHER EXPENSE
INTEREST EXPENSE - AUTO,Other Expense,0-75060,OTHER EXPENSE
INTEREST EXPENSE - CAP LEASE,Other Expense,0-75080,OTHER EXPENSE
INTEREST EXPENSE - MEMBER LOANS,Other Expense,0-75090,OTHER EXPENSE
MANAGEMENT FEE - OPERATIONS,Other Expense,0-75110,OTHER EXPENSE
MANAGEMENT FEE INCENTIVE,Other Expense,0-75120,OTHER EXPENSE
AMORTIZATION EXPENSE,Other Expense,0-75500,OTHER EXPENSE
DEPRECIATION EXPENSE,Other Expense,0-75550,OTHER EXPENSE
REAL ESTATE - PROPERTY LEASE,Other Expense,0-75900,OTHER EXPENSE
RESIDENTIAL LOTS - COST OF SALE,Other Expense,0-75910,OTHER EXPENSE