Account Number,Account Name,Account Type,Suggested Report Line,Report Section
"0-24000","DEFERRED INCOME - MONTHLY DUES","Other Current Liability","DUES","UNKNOWN"
"1-40005","GOLF MONTHLY DUES","Income","DUES","COURSE_REVENUES"
"1-40010","GOLF ANNUAL DUES","Income","DUES","COURSE_REVENUES"
"1-40015","GOLF WEEKDAY DUES","Income","DUES","COURSE_REVENUES"
"1-40020","GOLF CORPORATE DUES","Income","DUES","COURSE_REVENUES"
"1-40025","SEASONAL FLEX MEMBER DUES","Income","DUES","COURSE_REVENUES"
"1-40030","SWIM/TENNIS DUES","Income","DUES","COURSE_REVENUES"
"1-40035","OTHER","Income","DUES","COURSE_REVENUES"
"1-40050","ANNUAL PASSES - FY NET ADJ","Income","DUES","COURSE_REVENUES"
"1-40051","ANNUAL PASSES - SY NET ADJ","Income","DUES","COURSE_REVENUES"
"1-70270","DUES & SUBSCRIPTIONS - PS","Expense","DUES","EXPENSES"
"3-70270","DUES & SUBSCRIPTIONS - F&B","Expense","DUES","EXPENSES"
"4-70270","DUES & SUBSCRIPTIONS - MAINT","Expense","DUES","EXPENSES"
"8-70270","DUES & SUBSCRIPTIONS","Expense","DUES","EXPENSES"
"0-24025","DEFERRED INCOME - CART","Other Current Liability","CART","UNKNOWN"
"0-75000","CART LEASE","Other Expense","CART","UNKNOWN"
"1-40190","18 HOLE CART FEE","Income","CART","COURSE_REVENUES"
"1-40195","9 HOLE CART FEE","Income","CART","COURSE_REVENUES"
"1-40200","CART SPECIAL PLAY PASSES","Income","CART","COURSE_REVENUES"
"1-40205","MEMBER CART 18 WEEKDAY","Income","CART","COURSE_REVENUES"
"1-40210","MEMBER CART 9 WEEKDAY","Income","CART","COURSE_REVENUES"
"1-40215","PULL CARTS WEEKDAY","Income","CART","COURSE_REVENUES"
"1-40240","FREQUENT CART PLAN","Income","CART","COURSE_REVENUES"
"1-40250","FREQUENT CART PLAN - FY NET ADJ","Income","CART","COURSE_REVENUES"
"1-40251","FREQUENT CART PLAN - SY NET ADJ","Income","CART","COURSE_REVENUES"
"1-41190","HALF CART 18 WEEKEND","Income","CART","COURSE_REVENUES"
"1-41195","HALF CART 9 WEEKEND","Income","CART","COURSE_REVENUES"
"1-41200","CART SPECIAL WEEKEND","Income","CART","COURSE_REVENUES"
"1-41205","MEMBER CART 18 WEEKEND","Income","CART","COURSE_REVENUES"
"1-41210","MEMBER CART 9 WEEKEND","Income","CART","COURSE_REVENUES"
"1-41215","PULL CART WEEKEND","Income","CART","COURSE_REVENUES"
"1-60030","WAGES - CARTS","Expense","CART","EXPENSES"
"1-70120","CART RENTAL","Expense","CART","EXPENSES"
"3-45500","BEVERAGE CART FOOD","Income","CART","COURSE_REVENUES"
"3-45505","BEVERAGE CART LIQUOR","Income","CART","COURSE_REVENUES"
"3-45510","BEVERAGE CART BEER","Income","CART","COURSE_REVENUES"
"3-45515","BEVERAGE CART WINE","Income","CART","COURSE_REVENUES"
"3-60115","WAGES - BEVERAGE CART","Expense","CART","EXPENSES"
"3-70100","BEVERAGE CART LEASE","Expense","CART","EXPENSES"
"4-70862","REPAIRS & MAINTENANCE - CART PATH","Expense","CART","EXPENSES"
"1-70660","MERCHANDISE SUPPLIES","Expense","MERCHANDISE","EXPENSES"
"2-40400","SHOES","Income","MERCHANDISE","COURSE_REVENUES"
"2-40405","MENS' WEAR","Income","MERCHANDISE","COURSE_REVENUES"
"2-40410","LADIES' WEAR","Income","MERCHANDISE","COURSE_REVENUES"
"2-40415","PRO BALLS","Income","MERCHANDISE","COURSE_REVENUES"
"2-40420","GLOVES","Income","MERCHANDISE","COURSE_REVENUES"
"2-40425","CLUBS","Income","MERCHANDISE","COURSE_REVENUES"
"2-40430","MISCELLANEOUS MERCHANDISE","Income","MERCHANDISE","COURSE_REVENUES"
"2-40435","CLUB REPAIRS","Income","MERCHANDISE","COURSE_REVENUES"
"2-40440","HEADWEAR","Income","MERCHANDISE","COURSE_REVENUES"
"2-50400","COST OF SHOES","Cost of Goods Sold","MERCHANDISE","MERCHANDISE"
"2-50405","COST OF MEN'S WEAR","Cost of Goods Sold","MERCHANDISE","MERCHANDISE"
"2-50410","COST OF LADIES' WEAR","Cost of Goods Sold","MERCHANDISE","MERCHANDISE"
"2-50415","COST OF PRO BALLS","Cost of Goods Sold","MERCHANDISE","MERCHANDISE"
"2-50420","COST OF GLOVES","Cost of Goods Sold","MERCHANDISE","MERCHANDISE"
"2-50425","COST OF CLUBS","Cost of Goods Sold","MERCHANDISE","MERCHANDISE"
"2-50430","COST OF MISC MERCHANDISE","Cost of Goods Sold","MERCHANDISE","MERCHANDISE"
"2-50435","COST OF CLUB REPAIRS","Cost of Goods Sold","MERCHANDISE","MERCHANDISE"
"2-50440","COST OF HEADWEAR","Cost of Goods Sold","MERCHANDISE","MERCHANDISE"
"3-17050","FOOD & BEV-CAPITAL IMPRVMNT","Fixed Asset","FOOD","UNKNOWN"
"3-41500","GRILL FOOD","Income","FOOD","COURSE_REVENUES"
"3-42500","OUTING FOOD","Income","FOOD","COURSE_REVENUES"
"3-43500","BANQUET FOOD","Income","FOOD","COURSE_REVENUES"
"3-44500","CONCESSION/POOL FOOD","Income","FOOD","COURSE_REVENUES"
"3-45500","BEVERAGE CART FOOD","Income","FOOD","COURSE_REVENUES"
"3-51100","GRILL COST OF FOOD","Cost of Goods Sold","FOOD","MERCHANDISE"
"3-60060","WAGES - MANAGER","Expense","FOOD","EXPENSES"
"3-60065","WAGES - ASSISTANT MANAGER","Expense","FOOD","EXPENSES"
"3-60070","WAGES - KITCHEN MANAGER","Expense","FOOD","EXPENSES"
"3-60075","WAGES - CHEFS","Expense","FOOD","EXPENSES"
"3-60080","WAGES - COOKS","Expense","FOOD","EXPENSES"
"3-60085","WAGES - BARTENDER","Expense","FOOD","EXPENSES"
"3-60090","WAGES - SERVER","Expense","FOOD","EXPENSES"
"3-60095","WAGES - DISHWASHER","Expense","FOOD","EXPENSES"
"3-60100","WAGES - GRILL ROOM","Expense","FOOD","EXPENSES"
"3-60105","WAGES - CONCESSION/UTILITY","Expense","FOOD","EXPENSES"
"3-60110","WAGES - HOST/HOSTESS","Expense","FOOD","EXPENSES"
"3-60115","WAGES - BEVERAGE CART","Expense","FOOD","EXPENSES"
"3-60120","WAGES - BEVERAGE DEPARTMENT","Expense","FOOD","EXPENSES"
"3-60300","CONTRACT LABOR - F&B","Expense","FOOD","EXPENSES"
"3-60350","BONUSES - F&B","Expense","FOOD","EXPENSES"
"3-60450","PAYROLL TAXES","Expense","FOOD","EXPENSES"
"3-60500","EMPLOYEE INSURANCE","Expense","FOOD","EXPENSES"
"3-70010","ADVERTISING","Expense","FOOD","EXPENSES"
"3-70080","BANK CHARGES","Expense","FOOD","EXPENSES"
"3-70100","BEVERAGE CART LEASE","Expense","FOOD","EXPENSES"
"3-70160","CHINA, GLASS & SILVER","Expense","FOOD","EXPENSES"
"3-70170","CLEANING SUPPLIES - F&B","Expense","FOOD","EXPENSES"
"3-70240","CREDIT CARD FEES","Expense","FOOD","EXPENSES"
"3-70250","DECORATIONS","Expense","FOOD","EXPENSES"
"3-70270","DUES & SUBSCRIPTIONS - F&B","Expense","FOOD","EXPENSES"
"3-70290","ELECTRICITY - F&B","Expense","FOOD","EXPENSES"
"3-70360","EQUIPMENT RENTAL - F&B","Expense","FOOD","EXPENSES"
"3-70390","FICA - F&B","Expense","FOOD","EXPENSES"
"3-70420","FUTA - F&B","Expense","FOOD","EXPENSES"
"3-70430","GAS / OIL / PROPANE - F&B","Expense","FOOD","EXPENSES"
"3-70490","ICE","Expense","FOOD","EXPENSES"
"3-70500","INSURANCE","Expense","FOOD","EXPENSES"
"3-70540","JANITORIAL & PEST CONTROL - F&B","Expense","FOOD","EXPENSES"
"3-70560","LAND / BUILDING RENTAL - F&B","Expense","FOOD","EXPENSES"
"3-70580","LAUNDRY & DRY CLEANING","Expense","FOOD","EXPENSES"
"3-70600","LICENSE / TAXES / PERMITS - F&B","Expense","FOOD","EXPENSES"
"3-70610","LINEN","Expense","FOOD","EXPENSES"
"3-70620","LOSS & DAMAGE","Expense","FOOD","EXPENSES"
"3-70650","MENUS / PRINTING","Expense","FOOD","EXPENSES"
"3-70680","MEALS & ENTERTAINMENT","Expense","FOOD","EXPENSES"
"3-70685","MUSIC & ENTERTAINMENT","Expense","FOOD","EXPENSES"
"3-70700","OFFICE EXPENSES","Expense","FOOD","EXPENSES"
"3-70730","PAYROLL PROCESSING","Expense","FOOD","EXPENSES"
"3-70800","PRINTING & DUPLICATION","Expense","FOOD","EXPENSES"
"3-70805","PROFESSIONAL FEES","Expense","FOOD","EXPENSES"
"3-70810","PROMOTIONS","Expense","FOOD","EXPENSES"
"3-70860","REPAIRS & MAINTENANCE","Expense","FOOD","EXPENSES"
"3-70910","SEMINARS - F&B","Expense","FOOD","EXPENSES"
"3-70945","SMALL EQUIPMENT - F&B","Expense","FOOD","EXPENSES"
"3-70960","SPOILAGE","Expense","FOOD","EXPENSES"
"3-70970","SUI-F&B","Expense","FOOD","EXPENSES"
"3-70975","SUPPLIES - F&B","Expense","FOOD","EXPENSES"
"3-70980","TAXES","Expense","FOOD","EXPENSES"
"3-71000","TELEPHONE","Expense","FOOD","EXPENSES"
"3-71060","TRAVEL - F&B","Expense","FOOD","EXPENSES"
"3-71070","UNIFORMS - F&B","Expense","FOOD","EXPENSES"
"3-45500","BEVERAGE CART FOOD","Income","BEVERAGE","COURSE_REVENUES"
"3-45505","BEVERAGE CART LIQUOR","Income","BEVERAGE","COURSE_REVENUES"
"3-45510","BEVERAGE CART BEER","Income","BEVERAGE","COURSE_REVENUES"
"3-45515","BEVERAGE CART WINE","Income","BEVERAGE","COURSE_REVENUES"
"3-60060","WAGES - MANAGER","Expense","BEVERAGE","EXPENSES"
"3-60065","WAGES - ASSISTANT MANAGER","Expense","BEVERAGE","EXPENSES"
"3-60070","WAGES - KITCHEN MANAGER","Expense","BEVERAGE","EXPENSES"
"3-60075","WAGES - CHEFS","Expense","BEVERAGE","EXPENSES"
"3-60080","WAGES - COOKS","Expense","BEVERAGE","EXPENSES"
"3-60085","WAGES - BARTENDER","Expense","BEVERAGE","EXPENSES"
"3-60090","WAGES - SERVER","Expense","BEVERAGE","EXPENSES"
"3-60095","WAGES - DISHWASHER","Expense","BEVERAGE","EXPENSES"
"3-60100","WAGES - GRILL ROOM","Expense","BEVERAGE","EXPENSES"
"3-60105","WAGES - CONCESSION/UTILITY","Expense","BEVERAGE","EXPENSES"
"3-60110","WAGES - HOST/HOSTESS","Expense","BEVERAGE","EXPENSES"
"3-60115","WAGES - BEVERAGE CART","Expense","BEVERAGE","EXPENSES"
"3-60120","WAGES - BEVERAGE DEPARTMENT","Expense","BEVERAGE","EXPENSES"
"3-60300","CONTRACT LABOR - F&B","Expense","BEVERAGE","EXPENSES"
"3-60350","BONUSES - F&B","Expense","BEVERAGE","EXPENSES"
"3-60450","PAYROLL TAXES","Expense","BEVERAGE","EXPENSES"
"3-60500","EMPLOYEE INSURANCE","Expense","BEVERAGE","EXPENSES"
"3-70010","ADVERTISING","Expense","BEVERAGE","EXPENSES"
"3-70080","BANK CHARGES","Expense","BEVERAGE","EXPENSES"
"3-70100","BEVERAGE CART LEASE","Expense","BEVERAGE","EXPENSES"
"3-70160","CHINA, GLASS & SILVER","Expense","BEVERAGE","EXPENSES"
"3-70170","CLEANING SUPPLIES - F&B","Expense","BEVERAGE","EXPENSES"
"3-70240","CREDIT CARD FEES","Expense","BEVERAGE","EXPENSES"
"3-70250","DECORATIONS","Expense","BEVERAGE","EXPENSES"
"3-70270","DUES & SUBSCRIPTIONS - F&B","Expense","BEVERAGE","EXPENSES"
"3-70290","ELECTRICITY - F&B","Expense","BEVERAGE","EXPENSES"
"3-70360","EQUIPMENT RENTAL - F&B","Expense","BEVERAGE","EXPENSES"
"3-70390","FICA - F&B","Expense","BEVERAGE","EXPENSES"
"3-70420","FUTA - F&B","Expense","BEVERAGE","EXPENSES"
"3-70430","GAS / OIL / PROPANE - F&B","Expense","BEVERAGE","EXPENSES"
"3-70490","ICE","Expense","BEVERAGE","EXPENSES"
"3-70500","INSURANCE","Expense","BEVERAGE","EXPENSES"
"3-70540","JANITORIAL & PEST CONTROL - F&B","Expense","BEVERAGE","EXPENSES"
"3-70560","LAND / BUILDING RENTAL - F&B","Expense","BEVERAGE","EXPENSES"
"3-70580","LAUNDRY & DRY CLEANING","Expense","BEVERAGE","EXPENSES"
"3-70600","LICENSE / TAXES / PERMITS - F&B","Expense","BEVERAGE","EXPENSES"
"3-70610","LINEN","Expense","BEVERAGE","EXPENSES"
"3-70620","LOSS & DAMAGE","Expense","BEVERAGE","EXPENSES"
"3-70650","MENUS / PRINTING","Expense","BEVERAGE","EXPENSES"
"3-70680","MEALS & ENTERTAINMENT","Expense","BEVERAGE","EXPENSES"
"3-70685","MUSIC & ENTERTAINMENT","Expense","BEVERAGE","EXPENSES"
"3-70700","OFFICE EXPENSES","Expense","BEVERAGE","EXPENSES"
"3-70730","PAYROLL PROCESSING","Expense","BEVERAGE","EXPENSES"
"3-70800","PRINTING & DUPLICATION","Expense","BEVERAGE","EXPENSES"
"3-70805","PROFESSIONAL FEES","Expense","BEVERAGE","EXPENSES"
"3-70810","PROMOTIONS","Expense","BEVERAGE","EXPENSES"
"3-70860","REPAIRS & MAINTENANCE","Expense","BEVERAGE","EXPENSES"
"3-70910","SEMINARS - F&B","Expense","BEVERAGE","EXPENSES"
"3-70945","SMALL EQUIPMENT - F&B","Expense","BEVERAGE","EXPENSES"
"3-70960","SPOILAGE","Expense","BEVERAGE","EXPENSES"
"3-70970","SUI-F&B","Expense","BEVERAGE","EXPENSES"
"3-70975","SUPPLIES - F&B","Expense","BEVERAGE","EXPENSES"
"3-70980","TAXES","Expense","BEVERAGE","EXPENSES"
"3-71000","TELEPHONE","Expense","BEVERAGE","EXPENSES"
"3-71060","TRAVEL - F&B","Expense","BEVERAGE","EXPENSES"
"3-71070","UNIFORMS - F&B","Expense","BEVERAGE","EXPENSES"
"1-60005","WAGES - GOLF SHOP","Expense","LABOR","EXPENSES"
"1-60010","WAGES - GOLF CARS","Expense","LABOR","EXPENSES"
"1-60015","WAGES - PROFESSIONAL #3","Expense","LABOR","EXPENSES"
"1-60020","WAGES - ASSISTANT PRO","Expense","LABOR","EXPENSES"
"1-60025","WAGES - CLERKS","Expense","LABOR","EXPENSES"
"1-60030","WAGES - CARTS","Expense","LABOR","EXPENSES"
"1-60035","WAGES - STARTER/MARSHALL","Expense","LABOR","EXPENSES"
"1-60040","WAGES - PRO SHOP","Expense","LABOR","EXPENSES"
"1-60300","CONTRACT LABOR - PRO SHOP","Expense","LABOR","EXPENSES"
"1-60350","BONUSES - PRO SHOP","Expense","LABOR","EXPENSES"
"1-60450","PAYROLL TAXES","Expense","LABOR","EXPENSES"
"1-60500","EMPLOYEE INSURANCE","Expense","LABOR","EXPENSES"
"2-60300","CONTRACT LABOR","Expense","LABOR","EXPENSES"
"2-60350","BONUSES","Expense","LABOR","EXPENSES"
"2-60450","PAYROLL TAXES","Expense","LABOR","EXPENSES"
"2-60500","EMPLOYEE INSURANCE","Expense","LABOR","EXPENSES"
"3-60060","WAGES - MANAGER","Expense","LABOR","EXPENSES"
"3-60065","WAGES - ASSISTANT MANAGER","Expense","LABOR","EXPENSES"
"3-60070","WAGES - KITCHEN MANAGER","Expense","LABOR","EXPENSES"
"3-60075","WAGES - CHEFS","Expense","LABOR","EXPENSES"
"3-60080","WAGES - COOKS","Expense","LABOR","EXPENSES"
"3-60085","WAGES - BARTENDER","Expense","LABOR","EXPENSES"
"3-60090","WAGES - SERVER","Expense","LABOR","EXPENSES"
"3-60095","WAGES - DISHWASHER","Expense","LABOR","EXPENSES"
"3-60100","WAGES - GRILL ROOM","Expense","LABOR","EXPENSES"
"3-60105","WAGES - CONCESSION/UTILITY","Expense","LABOR","EXPENSES"
"3-60110","WAGES - HOST/HOSTESS","Expense","LABOR","EXPENSES"
"3-60115","WAGES - BEVERAGE CART","Expense","LABOR","EXPENSES"
"3-60120","WAGES - BEVERAGE DEPARTMENT","Expense","LABOR","EXPENSES"
"3-60300","CONTRACT LABOR - F&B","Expense","LABOR","EXPENSES"
"3-60350","BONUSES - F&B","Expense","LABOR","EXPENSES"
"3-60450","PAYROLL TAXES","Expense","LABOR","EXPENSES"
"3-60500","EMPLOYEE INSURANCE","Expense","LABOR","EXPENSES"
"4-60150","WAGES - COURSE MAINTENANCE","Expense","LABOR","EXPENSES"
"4-60155","WAGES - ASST SUPERINTENDENT","Expense","LABOR","EXPENSES"
"4-60160","WAGES - CLUB MECHANIC","Expense","LABOR","EXPENSES"
"4-60165","WAGES - MECHANIC'S ASSISTANT","Expense","LABOR","EXPENSES"
"4-60170","WAGES - EQUIPMENT LABORERS","Expense","LABOR","EXPENSES"
"4-60175","WAGES - FOREMAN","Expense","LABOR","EXPENSES"
"4-60180","WAGES - SPRAY TECH","Expense","LABOR","EXPENSES"
"4-60300","CONTRACT LABOR - MAINT","Expense","LABOR","EXPENSES"
"4-60350","BONUSES - MAINT","Expense","LABOR","EXPENSES"
"4-60450","PAYROLL TAXES","Expense","LABOR","EXPENSES"
"4-60500","EMPLOYEE INSURANCE","Expense","LABOR","EXPENSES"
"5-60190","WAGES - POOL","Expense","LABOR","EXPENSES"
"5-60450","PAYROLL TAXES","Expense","LABOR","EXPENSES"
"5-60500","EMPLOYEE INSURANCE","Expense","LABOR","EXPENSES"
"6-60200","WAGES - TENNIS","Expense","LABOR","EXPENSES"
"6-60450","PAYROLL TAXES","Expense","LABOR","EXPENSES"
"6-60500","EMPLOYEE INSURANCE","Expense","LABOR","EXPENSES"
"7-60210","WAGES-BUILDING MAINTENANCE","Expense","LABOR","EXPENSES"
"7-60215","WAGES-CLEANING","Expense","LABOR","EXPENSES"
"7-60350","BONUSES","Expense","LABOR","EXPENSES"
"7-60450","PAYROLL TAXES","Expense","LABOR","EXPENSES"
"7-60500","EMPLOYEE INSURANCE","Expense","LABOR","EXPENSES"
"8-60220","BANQUET DIRECTOR SALES","Expense","LABOR","EXPENSES"
"8-60225","MEMBERSHIP DIRECTOR SALES","Expense","LABOR","EXPENSES"
"8-60230","TOURNAMENT DIRECTOR SALES","Expense","LABOR","EXPENSES"
"8-60300","CONTRACT LABOR - MKTG","Expense","LABOR","EXPENSES"
"8-60350","BONUSES - MKTG","Expense","LABOR","EXPENSES"
"8-60450","PAYROLL TAXES","Expense","LABOR","EXPENSES"
"8-60500","EMPLOYEE INSURANCE","Expense","LABOR","EXPENSES"
"9-60240","WAGES - GENERAL MANAGER","Expense","LABOR","EXPENSES"
"9-60245","WAGES - ASST MANAGER","Expense","LABOR","EXPENSES"
"9-60250","WAGES - BOOKKEEPER","Expense","LABOR","EXPENSES"
"9-60255","WAGES - ADMIN ASST","Expense","LABOR","EXPENSES"
"9-60260","WAGES - SALES","Expense","LABOR","EXPENSES"
"9-60265","WAGES - ADMINISTRATIVE","Expense","LABOR","EXPENSES"
"9-60300","CONTRACT LABOR - ADMIN","Expense","LABOR","EXPENSES"
"9-60350","BONUSES - ADMIN","Expense","LABOR","EXPENSES"
"9-60450","PAYROLL TAXES","Expense","LABOR","EXPENSES"
"9-60500","EMPLOYEE INSURANCE","Expense","LABOR","EXPENSES"
"0-21015","ACCRUED PAYROLL","Other Current Liability","PAYROLL","UNKNOWN"
"1-60450","PAYROLL TAXES","Expense","PAYROLL","EXPENSES"
"2-60450","PAYROLL TAXES","Expense","PAYROLL","EXPENSES"
"3-60450","PAYROLL TAXES","Expense","PAYROLL","EXPENSES"
"3-70730","PAYROLL PROCESSING","Expense","PAYROLL","EXPENSES"
"4-60450","PAYROLL TAXES","Expense","PAYROLL","EXPENSES"
"5-60450","PAYROLL TAXES","Expense","PAYROLL","EXPENSES"
"6-60450","PAYROLL TAXES","Expense","PAYROLL","EXPENSES"
"7-60450","PAYROLL TAXES","Expense","PAYROLL","EXPENSES"
"8-60450","PAYROLL TAXES","Expense","PAYROLL","EXPENSES"
"9-60450","PAYROLL TAXES","Expense","PAYROLL","EXPENSES"
"9-70730","PAYROLL PROCESSING","Expense","PAYROLL","EXPENSES"
"1-60005","WAGES - GOLF SHOP","Expense","WAGE","EXPENSES"
"1-60010","WAGES - GOLF CARS","Expense","WAGE","EXPENSES"
"1-60015","WAGES - PROFESSIONAL #3","Expense","WAGE","EXPENSES"
"1-60020","WAGES - ASSISTANT PRO","Expense","WAGE","EXPENSES"
"1-60025","WAGES - CLERKS","Expense","WAGE","EXPENSES"
"1-60030","WAGES - CARTS","Expense","WAGE","EXPENSES"
"1-60035","WAGES - STARTER/MARSHALL","Expense","WAGE","EXPENSES"
"1-60040","WAGES - PRO SHOP","Expense","WAGE","EXPENSES"
"2-60060","WAGES - FITNESS","Expense","WAGE","EXPENSES"
"3-60060","WAGES - MANAGER","Expense","WAGE","EXPENSES"
"3-60065","WAGES - ASSISTANT MANAGER","Expense","WAGE","EXPENSES"
"3-60070","WAGES - KITCHEN MANAGER","Expense","WAGE","EXPENSES"
"3-60075","WAGES - CHEFS","Expense","WAGE","EXPENSES"
"3-60080","WAGES - COOKS","Expense","WAGE","EXPENSES"
"3-60085","WAGES - BARTENDER","Expense","WAGE","EXPENSES"
"3-60090","WAGES - SERVER","Expense","WAGE","EXPENSES"
"3-60095","WAGES - DISHWASHER","Expense","WAGE","EXPENSES"
"3-60100","WAGES - GRILL ROOM","Expense","WAGE","EXPENSES"
"3-60105","WAGES - CONCESSION/UTILITY","Expense","WAGE","EXPENSES"
"3-60110","WAGES - HOST/HOSTESS","Expense","WAGE","EXPENSES"
"3-60115","WAGES - BEVERAGE CART","Expense","WAGE","EXPENSES"
"3-60120","WAGES - BEVERAGE DEPARTMENT","Expense","WAGE","EXPENSES"
"4-60150","WAGES - COURSE MAINTENANCE","Expense","WAGE","EXPENSES"
"4-60155","WAGES - ASST SUPERINTENDENT","Expense","WAGE","EXPENSES"
"4-60160","WAGES - CLUB MECHANIC","Expense","WAGE","EXPENSES"
"4-60165","WAGES - MECHANIC'S ASSISTANT","Expense","WAGE","EXPENSES"
"4-60170","WAGES - EQUIPMENT LABORERS","Expense","WAGE","EXPENSES"
"4-60175","WAGES - FOREMAN","Expense","WAGE","EXPENSES"
"4-60180","WAGES - SPRAY TECH","Expense","WAGE","EXPENSES"
"5-60190","WAGES - POOL","Expense","WAGE","EXPENSES"
"6-60200","WAGES - TENNIS","Expense","WAGE","EXPENSES"
"7-60210","WAGES-BUILDING MAINTENANCE","Expense","WAGE","EXPENSES"
"7-60215","WAGES-CLEANING","Expense","WAGE","EXPENSES"
"9-60240","WAGES - GENERAL MANAGER","Expense","WAGE","EXPENSES"
"9-60245","WAGES - ASST MANAGER","Expense","WAGE","EXPENSES"
"9-60250","WAGES - BOOKKEEPER","Expense","WAGE","EXPENSES"
"9-60255","WAGES - ADMIN ASST","Expense","WAGE","EXPENSES"
"9-60260","WAGES - SALES","Expense","WAGE","EXPENSES"
"9-60265","WAGES - ADMINISTRATIVE","Expense","WAGE","EXPENSES"
"1-40400","POA MAINTENANCE INCOME","Income","MAINTENANCE","COURSE_REVENUES"
"1-70860","REPAIRS & MAINTENANCE - PS","Expense","MAINTENANCE","EXPENSES"
"2-70190","COMPUTER MAINTENANCE / LEASE","Expense","MAINTENANCE","EXPENSES"
"2-70860","REPAIRS & MAINTENANCE","Expense","MAINTENANCE","EXPENSES"
"3-70860","REPAIRS & MAINTENANCE","Expense","MAINTENANCE","EXPENSES"
"4-17050","MAINTENANCE LAND-CAP IMPRVMNT","Fixed Asset","MAINTENANCE","UNKNOWN"
"4-60150","WAGES - COURSE MAINTENANCE","Expense","MAINTENANCE","EXPENSES"
"4-60155","WAGES - ASST SUPERINTENDENT","Expense","MAINTENANCE","EXPENSES"
"4-60160","WAGES - CLUB MECHANIC","Expense","MAINTENANCE","EXPENSES"
"4-60165","WAGES - MECHANIC'S ASSISTANT","Expense","MAINTENANCE","EXPENSES"
"4-60170","WAGES - EQUIPMENT LABORERS","Expense","MAINTENANCE","EXPENSES"
"4-60175","WAGES - FOREMAN","Expense","MAINTENANCE","EXPENSES"
"4-60180","WAGES - SPRAY TECH","Expense","MAINTENANCE","EXPENSES"
"4-60300","CONTRACT LABOR - MAINT","Expense","MAINTENANCE","EXPENSES"
"4-60350","BONUSES - MAINT","Expense","MAINTENANCE","EXPENSES"
"4-60450","PAYROLL TAXES","Expense","MAINTENANCE","EXPENSES"
"4-60500","EMPLOYEE INSURANCE","Expense","MAINTENANCE","EXPENSES"
"4-70860","REPAIRS & MAINTENANCE - BUILDING","Expense","MAINTENANCE","EXPENSES"
"4-70862","REPAIRS & MAINTENANCE - CART PATH","Expense","MAINTENANCE","EXPENSES"
"4-70864","REPAIRS & MAINTENANCE - EQUIPMENT","Expense","MAINTENANCE","EXPENSES"
"4-70866","REPAIRS & MAINTENANCE - IRRIGATION","Expense","MAINTENANCE","EXPENSES"
"5-70860","REPAIR & MAINTENANCE - PH&O","Expense","MAINTENANCE","EXPENSES"
"6-70860","REPAIRS & MAINTENANCE","Expense","MAINTENANCE","EXPENSES"
"7-60210","WAGES-BUILDING MAINTENANCE","Expense","MAINTENANCE","EXPENSES"
"7-60215","WAGES-CLEANING","Expense","MAINTENANCE","EXPENSES"
"7-60350","BONUSES","Expense","MAINTENANCE","EXPENSES"
"7-60450","PAYROLL TAXES","Expense","MAINTENANCE","EXPENSES"
"7-60500","EMPLOYEE INSURANCE","Expense","MAINTENANCE","EXPENSES"
"7-70170","CLEANING SUPPLIES","Expense","MAINTENANCE","EXPENSES"
"7-70290","ELECTRICITY","Expense","MAINTENANCE","EXPENSES"
"7-70440","GAS / OIL / PROPANE","Expense","MAINTENANCE","EXPENSES"
"7-70600","LICENSES, TAXES & PERMITS","Expense","MAINTENANCE","EXPENSES"
"7-70610","LINEN","Expense","MAINTENANCE","EXPENSES"
"7-70860","REPAIR & MAINTENANCE","Expense","MAINTENANCE","EXPENSES"
"7-70910","SEMINARS","Expense","MAINTENANCE","EXPENSES"
"7-70975","SUPPLIES","Expense","MAINTENANCE","EXPENSES"
"7-71000","TELEPHONE","Expense","MAINTENANCE","EXPENSES"
"7-71010","TOOLS","Expense","MAINTENANCE","EXPENSES"
"7-71050","TRASH & WASTE REMOVAL","Expense","MAINTENANCE","EXPENSES"
"7-71070","UNIFORMS","Expense","MAINTENANCE","EXPENSES"
"7-71080","WATER / SEWER","Expense","MAINTENANCE","EXPENSES"
"9-70190","COMPUTER MAINTENANCE/LEASE","Expense","MAINTENANCE","EXPENSES"
"9-70860","REPAIR & MAINTENANCE - ADMIN","Expense","MAINTENANCE","EXPENSES"
"8-60220","BANQUET DIRECTOR SALES","Expense","MARKETING","EXPENSES"
"8-60225","MEMBERSHIP DIRECTOR SALES","Expense","MARKETING","EXPENSES"
"8-60230","TOURNAMENT DIRECTOR SALES","Expense","MARKETING","EXPENSES"
"8-60300","CONTRACT LABOR - MKTG","Expense","MARKETING","EXPENSES"
"8-60350","BONUSES - MKTG","Expense","MARKETING","EXPENSES"
"8-60450","PAYROLL TAXES","Expense","MARKETING","EXPENSES"
"8-60500","EMPLOYEE INSURANCE","Expense","MARKETING","EXPENSES"
"8-70010","ADVERTISING - MKTG","Expense","MARKETING","EXPENSES"
"8-70185","COMMISSIONS - MKTG","Expense","MARKETING","EXPENSES"
"8-70250","DECORATIONS","Expense","MARKETING","EXPENSES"
"8-70260","DIRECT MAIL","Expense","MARKETING","EXPENSES"
"8-70270","DUES & SUBSCRIPTIONS","Expense","MARKETING","EXPENSES"
"8-70320","ELECTRONIC TEE TIME SOFTWARE","Expense","MARKETING","EXPENSES"
"8-70360","EQUIPMENT RENTAL","Expense","MARKETING","EXPENSES"
"8-70460","GRAPHIC DESIGN","Expense","MARKETING","EXPENSES"
"8-70500","INSURANCE","Expense","MARKETING","EXPENSES"
"8-70680","MEALS & ENTERTAINMENT - MKTG","Expense","MARKETING","EXPENSES"
"8-70685","MUSIC & ENTERTAINMENT","Expense","MARKETING","EXPENSES"
"8-70760","PHOTOGRAPHY","Expense","MARKETING","EXPENSES"
"8-70790","POSTAGE/FEDEX/UPS/FREIGHT-MKTG","Expense","MARKETING","EXPENSES"
"8-70800","PRINTING & DUPLICATION","Expense","MARKETING","EXPENSES"
"8-70810","PROMOTIONS","Expense","MARKETING","EXPENSES"
"8-71000","TELEPHONE - MKTG","Expense","MARKETING","EXPENSES"
"8-71060","TRAVEL - MKTG","Expense","MARKETING","EXPENSES"
"8-71070","UNIFORMS - MKTG","Expense","MARKETING","EXPENSES"
"8-71100","WEBSITE FEES","Expense","MARKETING","EXPENSES"
"9-17050","ADMIN-CAPITAL IMPRVMNT","Fixed Asset","ADMIN","UNKNOWN"
"9-60240","WAGES - GENERAL MANAGER","Expense","ADMIN","EXPENSES"
"9-60245","WAGES - ASST MANAGER","Expense","ADMIN","EXPENSES"
"9-60250","WAGES - BOOKKEEPER","Expense","ADMIN","EXPENSES"
"9-60255","WAGES - ADMIN ASST","Expense","ADMIN","EXPENSES"
"9-60260","WAGES - SALES","Expense","ADMIN","EXPENSES"
"9-60265","WAGES - ADMINISTRATIVE","Expense","ADMIN","EXPENSES"
"9-60300","CONTRACT LABOR - ADMIN","Expense","ADMIN","EXPENSES"
"9-60350","BONUSES - ADMIN","Expense","ADMIN","EXPENSES"
"9-60450","PAYROLL TAXES","Expense","ADMIN","EXPENSES"
"9-60500","EMPLOYEE INSURANCE","Expense","ADMIN","EXPENSES"
"9-70000","401K PLAN EXPENSE","Expense","ADMIN","EXPENSES"
"9-70010","ADVERTISING","Expense","ADMIN","EXPENSES"
"9-70070","BAD DEBT","Expense","ADMIN","EXPENSES"
"9-70080","BANK CHARGES","Expense","ADMIN","EXPENSES"
"9-70110","CABLE TV","Expense","ADMIN","EXPENSES"
"9-70170","CLEANING SUPPLIES","Expense","ADMIN","EXPENSES"
"9-70180","CAM / HOA EXPENSE","Expense","ADMIN","EXPENSES"
"9-70190","COMPUTER MAINTENANCE/LEASE","Expense","ADMIN","EXPENSES"
"9-70220","CONTRIBUTIONS","Expense","ADMIN","EXPENSES"
"9-70240","CREDIT CARD FEES","Expense","ADMIN","EXPENSES"
"9-70270","DUE & SUBSCRIPTIONS","Expense","ADMIN","EXPENSES"
"9-70290","ELECTRICITY","Expense","ADMIN","EXPENSES"
"9-70330","EMPLOYEE RECRUITMENT/RELOCATION","Expense","ADMIN","EXPENSES"
"9-70360","EQUIPMENT RENTAL - ADMIN","Expense","ADMIN","EXPENSES"
"9-70390","FICA TAX EXPENSE","Expense","ADMIN","EXPENSES"
"9-70400","FIRE EXTINGUISHERS","Expense","ADMIN","EXPENSES"
"9-70420","FUTA","Expense","ADMIN","EXPENSES"
"9-70440","GAS / OIL / PROPANE - ADMIN","Expense","ADMIN","EXPENSES"
"9-70500","INSURANCE","Expense","ADMIN","EXPENSES"
"9-70510","INTERNET ACCESS","Expense","ADMIN","EXPENSES"
"9-70540","JANITORIAL & PEST CONTROL","Expense","ADMIN","EXPENSES"
"9-70560","LAND / BUILDING RENTAL - ADMIN","Expense","ADMIN","EXPENSES"
"9-70600","LICENSES, TAXES & PERMITS","Expense","ADMIN","EXPENSES"
"9-70680","MEALS & ENTERTAINMENT - ADMIN","Expense","ADMIN","EXPENSES"
"9-70690","OFFICE EQUIP RENTAL / COPIER","Expense","ADMIN","EXPENSES"
"9-70700","OFFICE SUPPLIES","Expense","ADMIN","EXPENSES"
"9-70730","PAYROLL PROCESSING","Expense","ADMIN","EXPENSES"
"9-70750","PHONE SYSTEM","Expense","ADMIN","EXPENSES"
"9-70790","POSTAGE/FEDEX/UPS/FREIGHT","Expense","ADMIN","EXPENSES"
"9-70800","PRINTING & DUPLICATION","Expense","ADMIN","EXPENSES"
"9-70805","PROFESSIONAL FEES","Expense","ADMIN","EXPENSES"
"9-70810","PROMOTIONS","Expense","ADMIN","EXPENSES"
"9-70860","REPAIR & MAINTENANCE - ADMIN","Expense","ADMIN","EXPENSES"
"9-70890","SECURITY","Expense","ADMIN","EXPENSES"
"9-70910","SEMINARS - ADMIN","Expense","ADMIN","EXPENSES"
"9-70920","SERVICE & FINANCE CHARGES","Expense","ADMIN","EXPENSES"
"9-70970","SUI","Expense","ADMIN","EXPENSES"
"9-70980","TAXES","Expense","ADMIN","EXPENSES"
"9-71000","TELEPHONE","Expense","ADMIN","EXPENSES"
"9-71050","TRASH & WASTE REMOVAL - ADMIN","Expense","ADMIN","EXPENSES"
"9-71060","TRAVEL","Expense","ADMIN","EXPENSES"
"9-71070","UNIFORMS","Expense","ADMIN","EXPENSES"
"9-71080","WATER / SEWER","Expense","ADMIN","EXPENSES"
"9-90000","OWNER LEGAL","Expense","ADMIN","EXPENSES"
"9-90010","OWNERS EXPENSE","Expense","ADMIN","EXPENSES"
"0-17500","ACCUMULATED DEPRECIATION","Fixed Asset","DEPRECIATION","UNKNOWN"
"0-75550","DEPRECIATION EXPENSE","Other Expense","DEPRECIATION","UNKNOWN"
"0-21010","ACCRUED INTEREST","Other Current Liability","INTEREST","UNKNOWN"
"0-40820","INTEREST INCOME","Other Income","INTEREST","UNKNOWN"
"0-75040","INTEREST EXPENSE","Other Expense","INTEREST","UNKNOWN"
"0-75060","INTEREST EXPENSE - AUTO","Other Expense","INTEREST","UNKNOWN"
"0-75080","INTEREST EXPENSE - CAP LEASE","Other Expense","INTEREST","UNKNOWN"
"0-75090","INTEREST EXPENSE - MEMBER LOANS","Other Expense","INTEREST","UNKNOWN"
"0-18500","ACCUMULATED AMORTIZATION","Other Asset","AMORTIZATION","UNKNOWN"
"0-75500","AMORTIZATION EXPENSE","Other Expense","AMORTIZATION","UNKNOWN"
